# ************************************************************
# Sequel Ace SQL dump
# Version 20035
#
# https://sequel-ace.com/
# https://github.com/Sequel-Ace/Sequel-Ace
#
# Host: localhost (MySQL 8.0.28)
# Database: artistify
# Generation Time: 2022-12-14 11:56:54 +0000
# ************************************************************


/*!40101 SET @OLD_CHARACTER_SET_CLIENT=@@CHARACTER_SET_CLIENT */;
/*!40101 SET @OLD_CHARACTER_SET_RESULTS=@@CHARACTER_SET_RESULTS */;
/*!40101 SET @OLD_COLLATION_CONNECTION=@@COLLATION_CONNECTION */;
SET NAMES utf8mb4;
/*!40014 SET @OLD_FOREIGN_KEY_CHECKS=@@FOREIGN_KEY_CHECKS, FOREIGN_KEY_CHECKS=0 */;
/*!40101 SET @OLD_SQL_MODE='NO_AUTO_VALUE_ON_ZERO', SQL_MODE='NO_AUTO_VALUE_ON_ZERO' */;
/*!40111 SET @OLD_SQL_NOTES=@@SQL_NOTES, SQL_NOTES=0 */;


# Dump of table album_user
# ------------------------------------------------------------

DROP TABLE IF EXISTS `album_user`;

CREATE TABLE `album_user` (
  `id` int unsigned NOT NULL AUTO_INCREMENT,
  `user_id` int DEFAULT NULL,
  `album_id` int DEFAULT NULL,
  PRIMARY KEY (`id`)
) ENGINE=InnoDB DEFAULT CHARSET=utf8mb4 COLLATE=utf8mb4_0900_ai_ci;

LOCK TABLES `album_user` WRITE;
/*!40000 ALTER TABLE `album_user` DISABLE KEYS */;

INSERT INTO `album_user` (`id`, `user_id`, `album_id`)
VALUES
	(3,1,15),
	(4,1,20),
	(5,1,25),
	(6,1,30),
	(7,1,11),
	(8,1,2),
	(9,1,12),
	(14,1,29);

/*!40000 ALTER TABLE `album_user` ENABLE KEYS */;
UNLOCK TABLES;


# Dump of table albums
# ------------------------------------------------------------

DROP TABLE IF EXISTS `albums`;

CREATE TABLE `albums` (
  `id` int unsigned NOT NULL AUTO_INCREMENT,
  `name` varchar(255) DEFAULT NULL,
  `artist_id` int DEFAULT NULL,
  `year` int DEFAULT NULL,
  `genre_id` int DEFAULT NULL,
  `image` varchar(255) DEFAULT NULL,
  PRIMARY KEY (`id`)
) ENGINE=InnoDB DEFAULT CHARSET=utf8mb4 COLLATE=utf8mb4_0900_ai_ci;

LOCK TABLES `albums` WRITE;
/*!40000 ALTER TABLE `albums` DISABLE KEYS */;

INSERT INTO `albums` (`id`, `name`, `artist_id`, `year`, `genre_id`, `image`)
VALUES
	(1,'Climate changed',30,2022,6,'singer.jpg'),
	(2,'Army of ants',27,1999,2,'cover.jpg'),
	(3,'Missed the boat',5,2017,5,'easy.jpg'),
	(4,'Death\'s dead',24,2021,1,'drums.jpg'),
	(5,'Hand in hand',24,2020,1,'group.jpg'),
	(6,'Crossing a bridge',3,2021,6,'glass.jpg'),
	(7,'Your graciousness',21,2006,2,'easy.jpg'),
	(8,'First chance',14,2015,6,'glass.jpg'),
	(9,'Bed of roses',19,2022,4,'sea.jpg'),
	(10,'Sweetbitter',9,1999,3,'festival.jpg'),
	(11,'Cat napped',11,2017,2,'jazz.jpg'),
	(12,'No ambition',28,2021,2,'sea.jpg'),
	(13,'Dark matters',7,2020,2,'party.jpg'),
	(14,'Flower shower',18,2021,6,'cover.jpg'),
	(15,'Curiosity',9,2006,4,'glass.jpg'),
	(16,'No choice',17,2015,5,'cover.jpg'),
	(17,'Badge of honor',14,2022,2,'sea.jpg'),
	(18,'For two songs',11,1999,6,'xx.jpg'),
	(19,'Fluke',6,2017,4,'easy.jpg'),
	(20,'Preaching choir',14,2021,2,'singer.jpg'),
	(21,'Sweetbitter',6,2020,3,'festival.jpg'),
	(22,'Experience required',11,2021,2,'easy.jpg'),
	(23,'Emotional wreckage',6,2006,3,'sea.jpg'),
	(24,'Cutting corners',22,2015,1,'wine.jpg'),
	(25,'Dime in two dozen',17,2022,4,'cover.jpg'),
	(26,'Channel of hatred',3,1999,1,'sea.jpg'),
	(27,'Louder actions',1,2017,5,'carnaval.jpg'),
	(28,'Bonus',15,2021,2,'sea.jpg'),
	(29,'Eye for an eye',24,2020,3,'xx.jpg'),
	(30,'Spilled beans',22,2021,6,'festival.jpg'),
	(31,'Focus',8,2006,2,'guitar.jpg'),
	(32,'Beads',7,2015,6,'festival.jpg'),
	(33,'Glass shoe',13,2022,1,'cover.jpg'),
	(34,'Two to tango',23,1999,5,'wine.jpg'),
	(35,'Blank canvas',23,2017,4,'easy.jpg'),
	(36,'Dreams and nightmares',4,2021,4,'cover.jpg'),
	(37,'Badge of honor',18,2020,1,'jazz.jpg'),
	(38,'Ice cold',23,2021,5,'singer.jpg'),
	(39,'Burning bridges',11,2006,3,'xx.jpg'),
	(40,'Elephant in the room',12,2015,2,'wine.jpg'),
	(41,'Battleground',14,2022,4,'easy.jpg'),
	(42,'Committee of despair',10,1999,2,'easy.jpg'),
	(43,'For eternity',15,2017,3,'cover.jpg'),
	(44,'Cemetery of the living',9,2021,3,'party.jpg'),
	(45,'Take cover',10,2020,5,'guitar.jpg'),
	(46,'Beggars and thieves',21,2021,4,'festival.jpg'),
	(47,'Silver linings',15,2006,1,'singer.jpg'),
	(48,'Death\'s dead',5,2015,1,'xx.jpg'),
	(49,'All ears',28,2014,1,'wine.jpg'),
	(50,'Army of ants',14,2018,5,'easy.jpg'),
	(51,'The bigger fish',1,2000,1,'easy.jpg');

/*!40000 ALTER TABLE `albums` ENABLE KEYS */;
UNLOCK TABLES;


# Dump of table artists
# ------------------------------------------------------------

DROP TABLE IF EXISTS `artists`;

CREATE TABLE `artists` (
  `id` int unsigned NOT NULL AUTO_INCREMENT,
  `name` varchar(256) DEFAULT NULL,
  PRIMARY KEY (`id`)
) ENGINE=InnoDB DEFAULT CHARSET=utf8mb4 COLLATE=utf8mb4_0900_ai_ci;

LOCK TABLES `artists` WRITE;
/*!40000 ALTER TABLE `artists` DISABLE KEYS */;

INSERT INTO `artists` (`id`, `name`)
VALUES
	(1,'The Weeknd'),
	(2,'Taylor Swift'),
	(3,'Ed Sheeran'),
	(4,'Justin Bieber'),
	(5,'Sam Smith'),
	(6,'Drake'),
	(7,'Rihanna'),
	(8,'Ariana Grande'),
	(9,'David Guetta'),
	(10,'Harry Styles'),
	(11,'Bad Bunny'),
	(12,'Coldplay'),
	(13,'Eminem'),
	(14,'Dua Lipa'),
	(15,'Shakira'),
	(16,'Imagine Dragons'),
	(17,'Elton John'),
	(18,'Bruno Mars'),
	(19,'Chris Brown'),
	(20,'Doja Cat'),
	(21,'Maroon 5'),
	(22,'Billie Eilish'),
	(23,'J Balvin'),
	(24,'Post Malone'),
	(25,'Kanye West'),
	(26,'21 Savage'),
	(27,'Katy Perry'),
	(28,'Lady Gaga'),
	(29,'Khalid'),
	(30,'Selena Gomez');

/*!40000 ALTER TABLE `artists` ENABLE KEYS */;
UNLOCK TABLES;


# Dump of table genres
# ------------------------------------------------------------

DROP TABLE IF EXISTS `genres`;

CREATE TABLE `genres` (
  `id` int unsigned NOT NULL AUTO_INCREMENT,
  `name` varchar(100) DEFAULT NULL,
  `slug` varchar(100) CHARACTER SET utf8mb4 COLLATE utf8mb4_0900_ai_ci DEFAULT NULL,
  PRIMARY KEY (`id`)
) ENGINE=InnoDB DEFAULT CHARSET=utf8mb4 COLLATE=utf8mb4_0900_ai_ci;

LOCK TABLES `genres` WRITE;
/*!40000 ALTER TABLE `genres` DISABLE KEYS */;

INSERT INTO `genres` (`id`, `name`, `slug`)
VALUES
	(1,'Pop','pop'),
	(2,'Hip-hop','hip-hop'),
	(3,'Rock','rock'),
	(4,'R&B','r-and-b'),
	(5,'Dance Music','dance'),
	(6,'Techno','techno');

/*!40000 ALTER TABLE `genres` ENABLE KEYS */;
UNLOCK TABLES;


# Dump of table tracks
# ------------------------------------------------------------

DROP TABLE IF EXISTS `tracks`;

CREATE TABLE `tracks` (
  `id` int unsigned NOT NULL AUTO_INCREMENT,
  `name` varchar(255) DEFAULT NULL,
  `album_id` int DEFAULT NULL,
  `duration` int DEFAULT NULL,
  PRIMARY KEY (`id`)
) ENGINE=InnoDB DEFAULT CHARSET=utf8mb4 COLLATE=utf8mb4_0900_ai_ci;

LOCK TABLES `tracks` WRITE;
/*!40000 ALTER TABLE `tracks` DISABLE KEYS */;

INSERT INTO `tracks` (`id`, `name`, `album_id`, `duration`)
VALUES
	(1,'Salvadora hexalepis',1,254),
	(2,'Psittacula krameri',25,215),
	(3,'Bettongia penicillata',36,182),
	(4,'Cereopsis novaehollandiae',3,130),
	(5,'Merops nubicus',20,227),
	(6,'Crotalus cerastes',35,140),
	(7,'Trichoglossus haematodus moluccanus',47,128),
	(8,'Dasyurus viverrinus',7,127),
	(9,'Psophia viridis',38,182),
	(10,'Nyctea scandiaca',25,169),
	(11,'Nasua narica',40,207),
	(12,'Ninox superciliaris',12,208),
	(13,'Cacatua galerita',45,246),
	(14,'Lepus arcticus',23,139),
	(15,'Himantopus himantopus',1,192),
	(16,'Anas punctata',46,167),
	(17,'Sula dactylatra',14,254),
	(18,'Echimys chrysurus',3,167),
	(19,'Paraxerus cepapi',37,127),
	(20,'Ursus americanus',9,207),
	(21,'Lemur catta',16,245),
	(22,'Nasua nasua',47,221),
	(23,'Alopochen aegyptiacus',15,180),
	(24,'Tadorna tadorna',29,134),
	(25,'Pavo cristatus',26,147),
	(26,'Phoca vitulina',26,148),
	(27,'Trichosurus vulpecula',34,194),
	(28,'Trichosurus vulpecula',28,247),
	(29,'Francolinus swainsonii',17,176),
	(30,'Anser anser',44,152),
	(31,'Neotis denhami',39,233),
	(32,'Trichechus inunguis',8,195),
	(33,'Sarcophilus harrisii',29,206),
	(34,'Galago crassicaudataus',13,193),
	(35,'Ursus maritimus',30,248),
	(36,'Vulpes cinereoargenteus',32,152),
	(37,'unavailable',25,183),
	(38,'Dipodomys deserti',50,180),
	(39,'Thalasseus maximus',22,239),
	(40,'Terathopius ecaudatus',20,122),
	(41,'Cabassous sp.',32,210),
	(42,'Colobus guerza',28,207),
	(43,'Sarkidornis melanotos',37,245),
	(44,'Falco peregrinus',4,152),
	(45,'Podargus strigoides',26,242),
	(46,'Dusicyon thous',12,148),
	(47,'Butorides striatus',49,198),
	(48,'Fregata magnificans',20,238),
	(49,'Pseudocheirus peregrinus',1,131),
	(50,'Plegadis falcinellus',36,250),
	(51,'Oncorhynchus nerka',41,231),
	(52,'Delphinus delphis',23,239),
	(53,'unavailable',4,216),
	(54,'Plegadis ridgwayi',2,142),
	(55,'Sterna paradisaea',11,242),
	(56,'Eubalaena australis',13,189),
	(57,'Bison bison',24,250),
	(58,'Actophilornis africanus',12,256),
	(59,'Colobus guerza',49,179),
	(60,'Eubalaena australis',3,155),
	(61,'Felis concolor',23,137),
	(62,'Anthropoides paradisea',46,156),
	(63,'Acrantophis madagascariensis',6,130),
	(64,'Phalacrocorax carbo',13,205),
	(65,'Libellula quadrimaculata',45,209),
	(66,'Gopherus agassizii',15,249),
	(67,'Coluber constrictor',12,197),
	(68,'Corythornis cristata',17,221),
	(69,'Geochelone elephantopus',31,214),
	(70,'Aonyx capensis',41,141),
	(71,'Conolophus subcristatus',3,143),
	(72,'Mirounga leonina',27,126),
	(73,'Ciconia ciconia',17,188),
	(74,'Phoca vitulina',15,145),
	(75,'Odocoilenaus virginianus',31,215),
	(76,'Ursus americanus',35,194),
	(77,'Anthropoides paradisea',47,211),
	(78,'Ciconia ciconia',48,215),
	(79,'Crotalus cerastes',42,186),
	(80,'Cathartes aura',18,210),
	(81,'Grus rubicundus',35,194),
	(82,'Actophilornis africanus',16,163),
	(83,'Dasyprocta leporina',23,174),
	(84,'Graspus graspus',17,151),
	(85,'Vulpes chama',29,217),
	(86,'Vulpes chama',43,233),
	(87,'Tyto novaehollandiae',28,218),
	(88,'Rhea americana',14,180),
	(89,'Butorides striatus',27,210),
	(90,'Leptoptilus dubius',47,123),
	(91,'Pandon haliaetus',35,209),
	(92,'Bassariscus astutus',51,146),
	(93,'Loxodonta africana',1,245),
	(94,'Odocoileus hemionus',1,212),
	(95,'Tursiops truncatus',27,232),
	(96,'Chamaelo sp.',4,175),
	(97,'Actophilornis africanus',38,232),
	(98,'Spheniscus mendiculus',47,242),
	(99,'Ephipplorhynchus senegalensis',50,199),
	(100,'Felis concolor',44,208),
	(101,'Papio cynocephalus',16,244),
	(102,'Otaria flavescens',26,163),
	(103,'Nycticorax nycticorax',8,174),
	(104,'Merops nubicus',46,232),
	(105,'Irania gutteralis',49,144),
	(106,'Kobus vardonii vardoni',10,139),
	(107,'Herpestes javanicus',43,218),
	(108,'Corvus brachyrhynchos',49,233),
	(109,'Canis lupus',11,125),
	(110,'Toxostoma curvirostre',46,164),
	(111,'Branta canadensis',14,251),
	(112,'Mephitis mephitis',29,158),
	(113,'Mycteria leucocephala',16,248),
	(114,'Mazama gouazoubira',51,183),
	(115,'Sciurus niger',9,210),
	(116,'Milvus migrans',39,159),
	(117,'Macropus giganteus',9,256),
	(118,'Cereopsis novaehollandiae',13,156),
	(119,'Helogale undulata',45,121),
	(120,'Hippotragus equinus',12,254),
	(121,'Nyctanassa violacea',16,203),
	(122,'Uraeginthus granatina',46,144),
	(123,'Hippopotamus amphibius',47,253),
	(124,'Thylogale stigmatica',24,145),
	(125,'Macropus robustus',34,247),
	(126,'Myrmecophaga tridactyla',34,182),
	(127,'Mirounga angustirostris',3,131),
	(128,'Manouria emys',17,172),
	(129,'Columba palumbus',2,171),
	(130,'Alopex lagopus',25,167),
	(131,'Dasyurus maculatus',5,258),
	(132,'Porphyrio porphyrio',33,223),
	(133,'Phoenicopterus ruber',29,213),
	(134,'Gyps bengalensis',2,249),
	(135,'Iguana iguana',32,197),
	(136,'Potamochoerus porcus',34,260),
	(137,'Anas bahamensis',9,222),
	(138,'Pandon haliaetus',43,121),
	(139,'Caiman crocodilus',44,183),
	(140,'Oncorhynchus nerka',20,167),
	(141,'Geospiza sp.',34,165),
	(142,'Kobus defassa',8,172),
	(143,'Catharacta skua',48,250),
	(144,'Gyps bengalensis',32,217),
	(145,'Pseudalopex gymnocercus',47,134),
	(146,'Zosterops pallidus',17,228),
	(147,'Pavo cristatus',11,193),
	(148,'Naja haje',49,238),
	(149,'Eolophus roseicapillus',26,252),
	(150,'Corvus brachyrhynchos',45,259),
	(151,'Mephitis mephitis',31,257),
	(152,'Isoodon obesulus',1,250),
	(153,'Sula dactylatra',11,257),
	(154,'Lasiodora parahybana',13,241),
	(155,'Rhea americana',21,153),
	(156,'Coluber constrictor',33,219),
	(157,'Hydrochoerus hydrochaeris',34,215),
	(158,'Bubo virginianus',6,150),
	(159,'Macaca nemestrina',40,247),
	(160,'Eutamias minimus',24,227),
	(161,'Recurvirostra avosetta',44,234),
	(162,'Potorous tridactylus',31,239),
	(163,'Trichosurus vulpecula',39,173),
	(164,'Chauna torquata',27,134),
	(165,'Anthropoides paradisea',28,185),
	(166,'Madoqua kirkii',48,209),
	(167,'Acrobates pygmaeus',36,171),
	(168,'Zenaida galapagoensis',26,164),
	(169,'Sauromalus obesus',28,121),
	(170,'Myiarchus tuberculifer',4,245),
	(171,'Eudyptula minor',51,143),
	(172,'Coluber constrictor',21,197),
	(173,'Geococcyx californianus',28,159),
	(174,'Gymnorhina tibicen',25,218),
	(175,'Amazona sp.',20,153),
	(176,'Alces alces',36,223),
	(177,'Alcelaphus buselaphus cokii',49,130),
	(178,'Cereopsis novaehollandiae',12,208),
	(179,'Arctogalidia trivirgata',36,209),
	(180,'Parus atricapillus',36,179),
	(181,'Larus fuliginosus',16,259),
	(182,'Lycaon pictus',33,134),
	(183,'Melursus ursinus',13,223),
	(184,'Choloepus hoffmani',46,174),
	(185,'Bos frontalis',4,126),
	(186,'Xerus sp.',40,150),
	(187,'Dromaeus novaehollandiae',29,214),
	(188,'Redunca redunca',21,223),
	(189,'Ciconia episcopus',2,224),
	(190,'Cebus albifrons',8,146),
	(191,'Pterocles gutturalis',50,249),
	(192,'Trichosurus vulpecula',12,255),
	(193,'Spizaetus coronatus',49,169),
	(194,'Thylogale stigmatica',10,185),
	(195,'Eubalaena australis',28,238),
	(196,'Irania gutteralis',4,133),
	(197,'unavailable',49,143),
	(198,'Bucorvus leadbeateri',14,126),
	(199,'Choloepus hoffmani',37,145),
	(200,'Gazella thompsonii',41,150),
	(201,'Uraeginthus angolensis',39,129),
	(202,'Elephas maximus bengalensis',29,222),
	(203,'Colobus guerza',16,192),
	(204,'Butorides striatus',21,249),
	(205,'Milvus migrans',36,154),
	(206,'Cebus albifrons',19,193),
	(207,'Tadorna tadorna',38,194),
	(208,'unavailable',32,163),
	(209,'Canis lupus baileyi',25,144),
	(210,'Papio cynocephalus',2,187),
	(211,'Falco peregrinus',3,220),
	(212,'Macropus robustus',40,140),
	(213,'Paraxerus cepapi',36,237),
	(214,'Ara macao',50,195),
	(215,'Pytilia melba',20,156),
	(216,'Martes pennanti',25,125),
	(217,'Antechinus flavipes',12,210),
	(218,'Diomedea irrorata',5,242),
	(219,'Ardea golieth',7,244),
	(220,'Petaurus breviceps',28,193),
	(221,'Felis pardalis',36,125),
	(222,'Lasiodora parahybana',11,205),
	(223,'Nyctea scandiaca',7,236),
	(224,'Dipodomys deserti',50,238),
	(225,'Equus hemionus',51,252),
	(226,'Felis concolor',6,212),
	(227,'Ninox superciliaris',14,173),
	(228,'Plocepasser mahali',28,154),
	(229,'Acrantophis madagascariensis',10,228),
	(230,'Sylvicapra grimma',41,139),
	(231,'Morelia spilotes variegata',48,237),
	(232,'Cynictis penicillata',4,232),
	(233,'Lycaon pictus',11,196),
	(234,'Gyps bengalensis',19,227),
	(235,'Sus scrofa',38,204),
	(236,'Manouria emys',11,180),
	(237,'Lycosa godeffroyi',22,188),
	(238,'Anastomus oscitans',19,151),
	(239,'Eolophus roseicapillus',23,221),
	(240,'Acrantophis madagascariensis',23,218),
	(241,'Arctogalidia trivirgata',7,170),
	(242,'Sarcophilus harrisii',48,249),
	(243,'Lama glama',29,200),
	(244,'Carduelis pinus',13,251),
	(245,'Felis silvestris lybica',31,121),
	(246,'Phalacrocorax brasilianus',44,178),
	(247,'Ephipplorhynchus senegalensis',45,121),
	(248,'Lamprotornis nitens',16,121),
	(249,'Mephitis mephitis',32,156),
	(250,'Trachyphonus vaillantii',32,124),
	(251,'Tachybaptus ruficollis',7,150),
	(252,'Gopherus agassizii',11,143),
	(253,'Ciconia episcopus',28,231),
	(254,'Ctenophorus ornatus',15,191),
	(255,'Phoenicopterus ruber',18,232),
	(256,'Limnocorax flavirostra',13,198),
	(257,'Egretta thula',13,131),
	(258,'Bucorvus leadbeateri',25,197),
	(259,'Chelodina longicollis',45,218),
	(260,'Spheniscus magellanicus',12,208),
	(261,'Choloepus hoffmani',19,160),
	(262,'Eudromia elegans',38,138),
	(263,'Hyaena brunnea',42,253),
	(264,'Bassariscus astutus',6,197),
	(265,'unavailable',44,223),
	(266,'Geochelone elephantopus',49,191),
	(267,'Erinaceus frontalis',18,258),
	(268,'Podargus strigoides',28,195),
	(269,'Crotalus triseriatus',38,231),
	(270,'Manouria emys',27,225),
	(271,'Nesomimus trifasciatus',34,185),
	(272,'Felis wiedi or Leopardus weidi',32,151),
	(273,'Kobus defassa',18,127),
	(274,'Felis serval',16,156),
	(275,'Tapirus terrestris',22,234),
	(276,'Plocepasser mahali',19,122),
	(277,'Oreamnos americanus',23,147),
	(278,'Phoenicopterus chilensis',40,124),
	(279,'Eolophus roseicapillus',1,185),
	(280,'Ephippiorhynchus mycteria',51,232),
	(281,'Nannopterum harrisi',4,155),
	(282,'Sarcophilus harrisii',11,241),
	(283,'Cervus unicolor',12,125),
	(284,'Oryx gazella callotis',12,219),
	(285,'unavailable',48,246),
	(286,'Nyctereutes procyonoides',34,140),
	(287,'Stenella coeruleoalba',31,215),
	(288,'Canis lupus lycaon',41,214),
	(289,'Pseudalopex gymnocercus',15,123),
	(290,'Centrocercus urophasianus',36,125),
	(291,'Ourebia ourebi',15,230),
	(292,'Sarcorhamphus papa',26,170),
	(293,'Galictis vittata',1,139),
	(294,'Phascogale calura',1,221),
	(295,'Galictis vittata',26,138),
	(296,'Meleagris gallopavo',20,201),
	(297,'Lorythaixoides concolor',8,244),
	(298,'Hyaena brunnea',2,170),
	(299,'Macropus rufus',22,211),
	(300,'Felis caracal',24,249),
	(301,'Vanellus chilensis',37,145),
	(302,'Trichoglossus chlorolepidotus',26,153),
	(303,'Gyps bengalensis',16,182),
	(304,'Mephitis mephitis',26,198),
	(305,'Meles meles',37,141),
	(306,'Sciurus niger',11,142),
	(307,'Nesomimus trifasciatus',12,174),
	(308,'Funambulus pennati',17,184),
	(309,'Hymenolaimus malacorhynchus',18,182),
	(310,'Ovis orientalis',19,203),
	(311,'Sula dactylatra',42,163),
	(312,'Redunca redunca',30,187),
	(313,'Mazama americana',45,259),
	(314,'Crotalus adamanteus',39,163),
	(315,'Actophilornis africanus',20,194),
	(316,'Mabuya spilogaster',15,160),
	(317,'Callipepla gambelii',7,130),
	(318,'Papio ursinus',49,166),
	(319,'Sula nebouxii',42,212),
	(320,'Macropus agilis',5,246),
	(321,'Anathana ellioti',44,136),
	(322,'Junonia genoveua',5,244),
	(323,'Zosterops pallidus',21,139),
	(324,'Callorhinus ursinus',50,128),
	(325,'Milvago chimachima',30,238),
	(326,'Alligator mississippiensis',24,188),
	(327,'Haliaetus leucogaster',3,232),
	(328,'Himantopus himantopus',31,128),
	(329,'Spizaetus coronatus',43,192),
	(330,'Bos taurus',6,176),
	(331,'Vulpes chama',42,140),
	(332,'Felis serval',30,148),
	(333,'Motacilla aguimp',1,208),
	(334,'Stenella coeruleoalba',51,242),
	(335,'Bettongia penicillata',38,161),
	(336,'Haliaeetus leucoryphus',35,139),
	(337,'Ovis musimon',7,225),
	(338,'Tayassu tajacu',11,211),
	(339,'Chlamydosaurus kingii',9,252),
	(340,'Bos mutus',1,137),
	(341,'Taurotagus oryx',51,213),
	(342,'Thalasseus maximus',51,145),
	(343,'Pseudocheirus peregrinus',20,142),
	(344,'Dusicyon thous',19,175),
	(345,'Colobus guerza',37,150),
	(346,'Ardea golieth',36,159),
	(347,'Crocuta crocuta',35,188),
	(348,'Alces alces',47,241),
	(349,'Spizaetus coronatus',41,209),
	(350,'Branta canadensis',17,164),
	(351,'Trichosurus vulpecula',21,160),
	(352,'Phoenicopterus ruber',31,216),
	(353,'Cynictis penicillata',45,199),
	(354,'Isoodon obesulus',46,159),
	(355,'Ciconia episcopus',21,219),
	(356,'Zosterops pallidus',47,255),
	(357,'Phalacrocorax albiventer',32,190),
	(358,'Centrocercus urophasianus',40,161),
	(359,'Marmota flaviventris',4,188),
	(360,'Ceratotherium simum',6,163),
	(361,'Macropus agilis',18,151),
	(362,'Philetairus socius',9,173),
	(363,'Porphyrio porphyrio',44,143),
	(364,'Upupa epops',37,244),
	(365,'Canis dingo',31,127),
	(366,'Spermophilus richardsonii',45,191),
	(367,'Podargus strigoides',15,239),
	(368,'Haliaeetus leucocephalus',44,236),
	(369,'Hippotragus equinus',46,134),
	(370,'Pycnonotus nigricans',4,221),
	(371,'Speotyte cuniculata',47,121),
	(372,'Paraxerus cepapi',32,144),
	(373,'Lasiodora parahybana',13,162),
	(374,'Tockus flavirostris',23,222),
	(375,'Colaptes campestroides',1,179),
	(376,'Macaca nemestrina',32,191),
	(377,'Felis silvestris lybica',15,183),
	(378,'Pteropus rufus',25,207),
	(379,'Stenella coeruleoalba',35,243),
	(380,'Haliaetus leucogaster',12,199),
	(381,'Ovis canadensis',8,159),
	(382,'Psophia viridis',32,169),
	(383,'Cracticus nigroagularis',47,236),
	(384,'Catharacta skua',42,197),
	(385,'Ratufa indica',48,245),
	(386,'Alligator mississippiensis',50,231),
	(387,'Columba livia',30,242),
	(388,'Merops nubicus',7,199),
	(389,'Sylvilagus floridanus',6,240),
	(390,'Corvus brachyrhynchos',11,238),
	(391,'Semnopithecus entellus',6,180),
	(392,'Meleagris gallopavo',18,154),
	(393,'Balearica pavonina',27,212),
	(394,'Dasypus novemcinctus',41,164),
	(395,'Ctenophorus ornatus',39,169),
	(396,'unavailable',6,140),
	(397,'Haematopus ater',48,228),
	(398,'Macaca mulatta',38,209),
	(399,'Aonyx capensis',7,152),
	(400,'Bassariscus astutus',46,131),
	(401,'Erinaceus frontalis',25,175),
	(402,'Acrobates pygmaeus',49,183),
	(403,'Drymarchon corias couperi',28,127),
	(404,'Tiliqua scincoides',24,163),
	(405,'Canis aureus',42,131),
	(406,'Corythornis cristata',21,225),
	(407,'Giraffe camelopardalis',36,244),
	(408,'Smithopsis crassicaudata',7,245),
	(409,'Papio ursinus',25,197),
	(410,'Centrocercus urophasianus',22,191),
	(411,'Ara chloroptera',10,240),
	(412,'Spizaetus coronatus',24,134),
	(413,'Ephippiorhynchus mycteria',26,233),
	(414,'Sarcorhamphus papa',47,244),
	(415,'Ovis ammon',10,168),
	(416,'Varanus sp.',28,248),
	(417,'Bison bison',10,166),
	(418,'Gymnorhina tibicen',12,188),
	(419,'unavailable',5,244),
	(420,'Tamandua tetradactyla',23,200),
	(421,'Hyaena brunnea',24,241),
	(422,'Anas platyrhynchos',38,243),
	(423,'Dipodomys deserti',3,162),
	(424,'Colaptes campestroides',17,126),
	(425,'Melursus ursinus',50,232),
	(426,'Centrocercus urophasianus',49,168),
	(427,'unavailable',3,258),
	(428,'Paraxerus cepapi',1,164),
	(429,'Hymenolaimus malacorhynchus',30,186),
	(430,'Paraxerus cepapi',12,144),
	(431,'Bos mutus',42,145),
	(432,'Hippotragus niger',7,181),
	(433,'Acanthaster planci',2,136),
	(434,'Eolophus roseicapillus',27,254),
	(435,'Alligator mississippiensis',37,242),
	(436,'Felis chaus',19,232),
	(437,'Chloephaga melanoptera',22,121),
	(438,'Orcinus orca',24,249),
	(439,'Ctenophorus ornatus',8,224),
	(440,'Meleagris gallopavo',51,198),
	(441,'Mycteria leucocephala',17,122),
	(442,'Coendou prehensilis',36,185),
	(443,'Panthera leo',7,165),
	(444,'Equus hemionus',35,237),
	(445,'Vanessa indica',30,218),
	(446,'Heloderma horridum',21,203),
	(447,'Leptoptilos crumeniferus',45,223),
	(448,'Kobus defassa',32,246),
	(449,'Cervus duvauceli',25,253),
	(450,'Bettongia penicillata',46,148),
	(451,'Platalea leucordia',37,179),
	(452,'Mazama gouazoubira',45,163),
	(453,'Semnopithecus entellus',5,172),
	(454,'Sagittarius serpentarius',9,221),
	(455,'Gymnorhina tibicen',41,217),
	(456,'Merops nubicus',34,162),
	(457,'Vulpes vulpes',10,170),
	(458,'Otaria flavescens',49,223),
	(459,'Myiarchus tuberculifer',37,159),
	(460,'Phascogale tapoatafa',36,141),
	(461,'Phaethon aethereus',11,189),
	(462,'Canis lupus baileyi',47,207),
	(463,'Gopherus agassizii',6,190),
	(464,'Streptopelia senegalensis',26,228),
	(465,'Equus hemionus',39,225),
	(466,'Corythornis cristata',5,138),
	(467,'Pelecans onocratalus',4,251),
	(468,'Melursus ursinus',38,171),
	(469,'Tiliqua scincoides',9,203),
	(470,'Leptoptilos crumeniferus',21,255),
	(471,'Isoodon obesulus',48,224),
	(472,'unavailable',10,255),
	(473,'Megaderma spasma',23,179),
	(474,'Sula dactylatra',46,123),
	(475,'Uraeginthus bengalus',44,133),
	(476,'Canis lupus baileyi',37,215),
	(477,'Phalaropus lobatus',34,136),
	(478,'Sciurus vulgaris',33,191),
	(479,'Mazama gouazoubira',38,209),
	(480,'Ceryle rudis',13,219),
	(481,'Notechis semmiannulatus',23,206),
	(482,'Paraxerus cepapi',22,208),
	(483,'Pterocles gutturalis',14,229),
	(484,'Taurotagus oryx',17,141),
	(485,'Ammospermophilus nelsoni',46,243),
	(486,'Dasypus septemcincus',25,211),
	(487,'Alces alces',36,233),
	(488,'Macropus rufogriseus',29,146),
	(489,'Colobus guerza',5,205),
	(490,'Manouria emys',36,155),
	(491,'Cebus nigrivittatus',40,212),
	(492,'Cordylus giganteus',21,140),
	(493,'Ourebia ourebi',12,238),
	(494,'Cyrtodactylus louisiadensis',33,241),
	(495,'Papio ursinus',17,232),
	(496,'Ammospermophilus nelsoni',24,212),
	(497,'Diomedea irrorata',26,171),
	(498,'Hymenolaimus malacorhynchus',37,150),
	(499,'Heloderma horridum',44,240),
	(500,'Streptopelia senegalensis',38,136),
	(501,'Actophilornis africanus',35,189),
	(502,'Nesomimus trifasciatus',22,165),
	(503,'Aegypius tracheliotus',15,237),
	(504,'Eumetopias jubatus',41,158),
	(505,'Pycnonotus nigricans',34,135),
	(506,'Kobus vardonii vardoni',30,227),
	(507,'Merops bullockoides',3,124),
	(508,'Isoodon obesulus',6,144),
	(509,'Tayassu pecari',23,212),
	(510,'Rhea americana',41,153),
	(511,'Creagrus furcatus',34,143),
	(512,'Motacilla aguimp',46,129),
	(513,'Pseudocheirus peregrinus',17,168),
	(514,'Milvus migrans',20,220),
	(515,'Plectopterus gambensis',45,213),
	(516,'Madoqua kirkii',17,124),
	(517,'Antechinus flavipes',1,191),
	(518,'Vicugna vicugna',19,155),
	(519,'Acinynox jubatus',7,136),
	(520,'Pseudoleistes virescens',5,212),
	(521,'Ratufa indica',5,205),
	(522,'Phalacrocorax brasilianus',27,126),
	(523,'Otaria flavescens',30,188),
	(524,'Zalophus californicus',15,171),
	(525,'Colaptes campestroides',26,139),
	(526,'Tamiasciurus hudsonicus',37,144),
	(527,'Felis chaus',16,125),
	(528,'Acrantophis madagascariensis',36,229),
	(529,'Acrobates pygmaeus',1,169),
	(530,'Nycticorax nycticorax',4,223),
	(531,'Macropus agilis',40,226),
	(532,'Heloderma horridum',13,162),
	(533,'Naja nivea',47,140),
	(534,'Gymnorhina tibicen',50,251),
	(535,'Echimys chrysurus',18,209),
	(536,'Ramphastos tucanus',23,173),
	(537,'Axis axis',46,232),
	(538,'Tachyglossus aculeatus',8,206),
	(539,'Melophus lathami',33,147),
	(540,'Iguana iguana',20,250),
	(541,'Macropus eugenii',3,176),
	(542,'Eolophus roseicapillus',36,167),
	(543,'Tachyglossus aculeatus',46,166),
	(544,'Paroaria gularis',9,204),
	(545,'Pterocles gutturalis',48,126),
	(546,'unavailable',49,186),
	(547,'Pituophis melanaleucus',33,235),
	(548,'Sylvicapra grimma',9,153),
	(549,'Sciurus vulgaris',15,230),
	(550,'Scolopax minor',9,209),
	(551,'Aonyx capensis',15,212),
	(552,'Corvus albus',45,260),
	(553,'Kobus defassa',7,209),
	(554,'Semnopithecus entellus',25,127),
	(555,'Heloderma horridum',15,210),
	(556,'Acrantophis madagascariensis',24,171),
	(557,'Buteo regalis',7,132),
	(558,'Macropus rufogriseus',42,192),
	(559,'Crocodylus niloticus',18,189),
	(560,'Canis aureus',20,253),
	(561,'Macropus eugenii',23,253),
	(562,'Spizaetus coronatus',7,176),
	(563,'Neotoma sp.',48,179),
	(564,'Vulpes chama',42,133),
	(565,'Amphibolurus barbatus',11,198),
	(566,'Conolophus subcristatus',16,254),
	(567,'Pelecanus occidentalis',32,212),
	(568,'Cynomys ludovicianus',14,243),
	(569,'Lama guanicoe',8,181),
	(570,'Bettongia penicillata',30,256),
	(571,'Paroaria gularis',25,254),
	(572,'Choloepus hoffmani',2,200),
	(573,'Anser anser',28,252),
	(574,'Bettongia penicillata',8,201),
	(575,'Gyps bengalensis',33,199),
	(576,'Castor fiber',45,230),
	(577,'Manouria emys',4,249),
	(578,'Dipodomys deserti',22,209),
	(579,'Eurocephalus anguitimens',3,245),
	(580,'Uraeginthus angolensis',45,160),
	(581,'Francolinus swainsonii',41,229),
	(582,'Cyrtodactylus louisiadensis',23,234),
	(583,'Morelia spilotes variegata',42,185),
	(584,'Bettongia penicillata',48,178),
	(585,'Nesomimus trifasciatus',14,210),
	(586,'Phoenicopterus chilensis',37,256),
	(587,'Ateles paniscus',39,153),
	(588,'Sceloporus magister',20,161),
	(589,'Phoenicopterus chilensis',5,135),
	(590,'Hystrix cristata',36,189),
	(591,'Passer domesticus',15,146),
	(592,'Turtur chalcospilos',49,220),
	(593,'Colobus guerza',14,216),
	(594,'Larus fuliginosus',8,184),
	(595,'Anas platyrhynchos',51,248),
	(596,'Bugeranus caruncalatus',32,142),
	(597,'Zalophus californicus',11,154),
	(598,'Alectura lathami',27,120),
	(599,'Alces alces',1,221),
	(600,'Carphophis sp.',3,222),
	(601,'Varanus salvator',38,142),
	(602,'Canis aureus',28,234),
	(603,'Lamprotornis nitens',7,229),
	(604,'Paraxerus cepapi',40,176),
	(605,'Galago crassicaudataus',1,175),
	(606,'Tockus erythrorhyncus',4,154),
	(607,'Axis axis',32,227),
	(608,'Lybius torquatus',28,141),
	(609,'Raphicerus campestris',35,165),
	(610,'Actophilornis africanus',46,161),
	(611,'Platalea leucordia',33,155),
	(612,'Cervus canadensis',30,151),
	(613,'Balearica pavonina',28,165),
	(614,'Aonyx capensis',42,247),
	(615,'Lasiodora parahybana',47,137),
	(616,'Climacteris melanura',12,166),
	(617,'Agelaius phoeniceus',8,142),
	(618,'Thamnolaea cinnmomeiventris',16,133),
	(619,'Struthio camelus',16,259),
	(620,'Spermophilus lateralis',7,209),
	(621,'Mephitis mephitis',11,246),
	(622,'Melursus ursinus',41,173),
	(623,'Damaliscus lunatus',38,138),
	(624,'Dendrocitta vagabunda',48,159),
	(625,'Acridotheres tristis',50,250),
	(626,'Milvus migrans',25,234),
	(627,'Spizaetus coronatus',20,248),
	(628,'Ninox superciliaris',37,126),
	(629,'Francolinus swainsonii',34,230),
	(630,'Dasyurus maculatus',19,211),
	(631,'Phaethon aethereus',41,154),
	(632,'Macropus robustus',28,253),
	(633,'Anastomus oscitans',25,154),
	(634,'Lepus arcticus',43,231),
	(635,'Trichoglossus chlorolepidotus',8,124),
	(636,'Uraeginthus bengalus',41,143),
	(637,'Ardea golieth',7,163),
	(638,'Haematopus ater',44,235),
	(639,'Coendou prehensilis',40,133),
	(640,'Varanus sp.',15,180),
	(641,'Sciurus vulgaris',50,249),
	(642,'Cereopsis novaehollandiae',32,201),
	(643,'Aonyx capensis',49,232),
	(644,'Cercatetus concinnus',12,136),
	(645,'Macaca radiata',33,242),
	(646,'Morelia spilotes variegata',4,130),
	(647,'Felis caracal',41,182),
	(648,'Equus burchelli',47,172),
	(649,'Arctogalidia trivirgata',8,137),
	(650,'Felis wiedi or Leopardus weidi',41,181),
	(651,'Ramphastos tucanus',35,171),
	(652,'Ciconia episcopus',29,260),
	(653,'Conolophus subcristatus',33,170),
	(654,'Ardea golieth',39,157),
	(655,'Perameles nasuta',48,192),
	(656,'Connochaetus taurinus',21,248),
	(657,'Lutra canadensis',36,246),
	(658,'Phascogale calura',6,204),
	(659,'Suricata suricatta',35,137),
	(660,'Melophus lathami',43,240),
	(661,'Macaca nemestrina',2,184),
	(662,'Sula dactylatra',20,152),
	(663,'Falco mexicanus',27,151),
	(664,'Macaca mulatta',18,218),
	(665,'Tamiasciurus hudsonicus',34,208),
	(666,'Cracticus nigroagularis',27,220),
	(667,'Leptoptilus dubius',47,253),
	(668,'Alopex lagopus',33,233),
	(669,'Camelus dromedarius',18,138),
	(670,'Buteo jamaicensis',33,234),
	(671,'Eutamias minimus',28,156),
	(672,'Martes americana',20,155),
	(673,'Tursiops truncatus',30,196),
	(674,'Bubalus arnee',42,175),
	(675,'Trachyphonus vaillantii',26,243),
	(676,'Isoodon obesulus',11,181),
	(677,'Balearica pavonina',16,226),
	(678,'Naja haje',23,203),
	(679,'Nectarinia chalybea',27,178),
	(680,'Madoqua kirkii',40,211),
	(681,'Corvus albicollis',4,189),
	(682,'Ara ararauna',36,204),
	(683,'Tamiasciurus hudsonicus',38,203),
	(684,'Melophus lathami',2,132),
	(685,'Vombatus ursinus',32,195),
	(686,'Cracticus nigroagularis',33,136),
	(687,'Haematopus ater',48,252),
	(688,'Buteo galapagoensis',23,151),
	(689,'Sarkidornis melanotos',17,141),
	(690,'Papilio canadensis',17,258),
	(691,'Hymenolaimus malacorhynchus',2,167),
	(692,'Bucephala clangula',11,171),
	(693,'Bettongia penicillata',34,235),
	(694,'Procyon lotor',33,208),
	(695,'Antilope cervicapra',43,252),
	(696,'Mirounga angustirostris',33,250),
	(697,'Phalacrocorax varius',13,223),
	(698,'Crotalus adamanteus',9,197),
	(699,'Ciconia ciconia',12,204),
	(700,'Loxodonta africana',31,131),
	(701,'Trichosurus vulpecula',25,232),
	(702,'Canis lupus',26,179),
	(703,'Graspus graspus',18,167),
	(704,'Macropus rufus',8,221),
	(705,'Acrobates pygmaeus',3,137),
	(706,'Ovis dalli stonei',38,154),
	(707,'Cervus elaphus',18,227),
	(708,'Amphibolurus barbatus',12,204),
	(709,'Genetta genetta',45,243),
	(710,'Uraeginthus angolensis',9,241),
	(711,'Leptoptilos crumeniferus',35,151),
	(712,'Paraxerus cepapi',33,157),
	(713,'Castor canadensis',34,178),
	(714,'Vombatus ursinus',39,169),
	(715,'Dasyurus maculatus',19,133),
	(716,'Carduelis uropygialis',17,254),
	(717,'Bucorvus leadbeateri',28,134),
	(718,'Phoenicopterus ruber',42,234),
	(719,'Lepus arcticus',23,253),
	(720,'Raphicerus campestris',11,176),
	(721,'Macropus agilis',45,170),
	(722,'Rhea americana',8,210),
	(723,'Threskionis aethiopicus',28,257),
	(724,'Climacteris melanura',7,162),
	(725,'Castor fiber',6,183),
	(726,'Melophus lathami',13,251),
	(727,'Phascogale calura',17,221),
	(728,'Uraeginthus angolensis',31,206),
	(729,'Spermophilus lateralis',23,215),
	(730,'Perameles nasuta',4,216),
	(731,'Halcyon smyrnesis',40,180),
	(732,'Gymnorhina tibicen',32,179),
	(733,'Phalacrocorax niger',51,198),
	(734,'Amphibolurus barbatus',33,158),
	(735,'Macaca mulatta',11,138),
	(736,'Dicrostonyx groenlandicus',45,196),
	(737,'Ninox superciliaris',8,235),
	(738,'Felis chaus',31,163),
	(739,'Aonyx cinerea',48,258),
	(740,'Felis concolor',41,137),
	(741,'Echimys chrysurus',7,153),
	(742,'Cygnus atratus',21,146),
	(743,'Eutamias minimus',16,202),
	(744,'Branta canadensis',48,204),
	(745,'Eubalaena australis',38,198),
	(746,'Smithopsis crassicaudata',39,201),
	(747,'Oryx gazella callotis',33,237),
	(748,'Varanus salvator',12,194),
	(749,'Neophron percnopterus',25,230),
	(750,'Cyrtodactylus louisiadensis',10,139),
	(751,'Taxidea taxus',46,169),
	(752,'Chauna torquata',21,155),
	(753,'Notechis semmiannulatus',4,204),
	(754,'Merops nubicus',2,147),
	(755,'Plegadis ridgwayi',11,225),
	(756,'Varanus komodensis',14,247),
	(757,'Cynictis penicillata',47,188),
	(758,'Corvus albicollis',27,148),
	(759,'Dasyurus maculatus',45,190),
	(760,'Geospiza sp.',38,243),
	(761,'Spizaetus coronatus',40,165),
	(762,'Nycticorax nycticorax',19,150),
	(763,'Butorides striatus',25,254),
	(764,'Carduelis uropygialis',44,158),
	(765,'Canis dingo',36,134),
	(766,'Ceryle rudis',35,218),
	(767,'Ciconia episcopus',48,190),
	(768,'Cervus canadensis',39,179),
	(769,'Butorides striatus',44,166),
	(770,'Ramphastos tucanus',29,228),
	(771,'Salvadora hexalepis',3,122),
	(772,'Choloepus hoffmani',50,192),
	(773,'Nucifraga columbiana',46,185),
	(774,'Loris tardigratus',27,236),
	(775,'Uraeginthus granatina',32,254),
	(776,'Zosterops pallidus',37,206),
	(777,'Plectopterus gambensis',29,190),
	(778,'Macaca mulatta',17,179),
	(779,'Nasua nasua',20,191),
	(780,'Cracticus nigroagularis',32,254),
	(781,'Francolinus coqui',7,226),
	(782,'Chlamydosaurus kingii',50,229),
	(783,'Cyrtodactylus louisiadensis',28,217),
	(784,'Perameles nasuta',5,164),
	(785,'Climacteris melanura',45,239),
	(786,'Colobus guerza',36,228),
	(787,'Sula nebouxii',35,197),
	(788,'Tapirus terrestris',14,179),
	(789,'Merops nubicus',12,238),
	(790,'Alligator mississippiensis',32,137),
	(791,'Bison bison',26,175),
	(792,'Chloephaga melanoptera',48,175),
	(793,'Sarkidornis melanotos',43,168),
	(794,'Bucephala clangula',39,217),
	(795,'Loxodonta africana',51,154),
	(796,'Eolophus roseicapillus',22,140),
	(797,'Spermophilus parryii',48,160),
	(798,'Hystrix cristata',24,254),
	(799,'Gyps bengalensis',36,182),
	(800,'Spheniscus magellanicus',13,204),
	(801,'Haliaeetus leucoryphus',10,177),
	(802,'Pavo cristatus',45,139),
	(803,'Manouria emys',49,256),
	(804,'Varanus sp.',7,248),
	(805,'Tamiasciurus hudsonicus',31,134),
	(806,'Coluber constrictor',21,218),
	(807,'Lepus townsendii',47,146),
	(808,'Manouria emys',26,152),
	(809,'Suricata suricatta',30,149),
	(810,'Platalea leucordia',30,197),
	(811,'Haematopus ater',7,202),
	(812,'Bubulcus ibis',28,183),
	(813,'Tamiasciurus hudsonicus',36,145),
	(814,'Alouatta seniculus',43,183),
	(815,'Tayassu pecari',37,159),
	(816,'Mycteria leucocephala',36,246),
	(817,'Cereopsis novaehollandiae',4,142),
	(818,'Lycosa godeffroyi',21,224),
	(819,'Stenella coeruleoalba',39,138),
	(820,'Otaria flavescens',20,152),
	(821,'Sagittarius serpentarius',23,147),
	(822,'Spizaetus coronatus',32,182),
	(823,'Lasiorhinus latifrons',12,160),
	(824,'Branta canadensis',1,129),
	(825,'Nyctea scandiaca',15,136),
	(826,'Cordylus giganteus',7,140),
	(827,'Equus hemionus',35,237),
	(828,'Mellivora capensis',17,154),
	(829,'Balearica pavonina',45,232),
	(830,'Dusicyon thous',31,194),
	(831,'Charadrius tricollaris',42,164),
	(832,'Boa caninus',4,252),
	(833,'Anas bahamensis',48,173),
	(834,'Oreamnos americanus',1,194),
	(835,'Hippotragus equinus',38,250),
	(836,'Bison bison',11,141),
	(837,'Anas platyrhynchos',4,239),
	(838,'Lamprotornis nitens',14,202),
	(839,'Crocuta crocuta',37,157),
	(840,'Papio ursinus',18,219),
	(841,'Alligator mississippiensis',12,242),
	(842,'Funambulus pennati',20,194),
	(843,'Morelia spilotes variegata',9,174),
	(844,'Thalasseus maximus',37,123),
	(845,'Streptopelia decipiens',17,180),
	(846,'Bugeranus caruncalatus',6,223),
	(847,'Aonyx capensis',15,138),
	(848,'Spermophilus armatus',2,254),
	(849,'Pseudocheirus peregrinus',17,202),
	(850,'Petaurus breviceps',30,153),
	(851,'Mycteria leucocephala',49,164),
	(852,'Heloderma horridum',25,189),
	(853,'Perameles nasuta',14,212),
	(854,'Cereopsis novaehollandiae',25,133),
	(855,'Tyto novaehollandiae',40,215),
	(856,'Ctenophorus ornatus',39,142),
	(857,'Corythornis cristata',10,210),
	(858,'Oreamnos americanus',39,235),
	(859,'Nasua narica',1,201),
	(860,'Ara macao',25,175),
	(861,'Alopex lagopus',37,229),
	(862,'Uraeginthus angolensis',35,142),
	(863,'Ratufa indica',31,123),
	(864,'Canis mesomelas',38,128),
	(865,'Felis silvestris lybica',32,123),
	(866,'Colaptes campestroides',51,128),
	(867,'Anhinga rufa',6,234),
	(868,'Fratercula corniculata',29,120),
	(869,'Ciconia ciconia',12,239),
	(870,'Cereopsis novaehollandiae',20,131),
	(871,'Macropus rufogriseus',2,229),
	(872,'Butorides striatus',43,244),
	(873,'Nesomimus trifasciatus',15,127),
	(874,'Paroaria gularis',39,153),
	(875,'Ovis canadensis',5,179),
	(876,'Kobus defassa',30,182),
	(877,'Paradoxurus hermaphroditus',31,127),
	(878,'Acrantophis madagascariensis',37,253),
	(879,'Spizaetus coronatus',34,146),
	(880,'Microcebus murinus',21,213),
	(881,'Cathartes aura',24,235),
	(882,'Ursus maritimus',12,247),
	(883,'Tockus erythrorhyncus',14,257),
	(884,'Bassariscus astutus',42,128),
	(885,'Choloepus hoffmani',13,200),
	(886,'Columba palumbus',41,197),
	(887,'Sylvilagus floridanus',32,192),
	(888,'Gazella thompsonii',28,232),
	(889,'Loris tardigratus',4,231),
	(890,'Corallus hortulanus cooki',30,161),
	(891,'Haematopus ater',29,208),
	(892,'Tragelaphus strepsiceros',28,128),
	(893,'Spermophilus lateralis',34,163),
	(894,'Connochaetus taurinus',22,224),
	(895,'Gopherus agassizii',32,126),
	(896,'Aonyx capensis',48,190),
	(897,'Funambulus pennati',15,196),
	(898,'Francolinus leucoscepus',22,225),
	(899,'Bucorvus leadbeateri',14,136),
	(900,'Bugeranus caruncalatus',21,145),
	(901,'Amazona sp.',31,252),
	(902,'Anathana ellioti',15,133),
	(903,'Libellula quadrimaculata',6,195),
	(904,'Zalophus californicus',46,122),
	(905,'Streptopelia decipiens',10,235),
	(906,'Pavo cristatus',12,140),
	(907,'Corvus albicollis',39,217),
	(908,'Acridotheres tristis',37,162),
	(909,'Potorous tridactylus',46,204),
	(910,'Amphibolurus barbatus',16,215),
	(911,'Corvus albicollis',22,228),
	(912,'Ctenophorus ornatus',36,128),
	(913,'Lamprotornis superbus',16,139),
	(914,'Sula dactylatra',31,232),
	(915,'Taurotagus oryx',10,205),
	(916,'Chamaelo sp.',9,172),
	(917,'Eremophila alpestris',28,231),
	(918,'Chlamydosaurus kingii',30,227),
	(919,'Marmota flaviventris',1,153),
	(920,'Paradoxurus hermaphroditus',22,201),
	(921,'Spheniscus magellanicus',48,165),
	(922,'Spermophilus tridecemlineatus',21,162),
	(923,'Marmota flaviventris',23,246),
	(924,'Junonia genoveua',46,222),
	(925,'Sarkidornis melanotos',43,203),
	(926,'Aegypius tracheliotus',31,210),
	(927,'Ploceus intermedius',15,160),
	(928,'Rhea americana',2,239),
	(929,'Suricata suricatta',33,250),
	(930,'Chionis alba',15,202),
	(931,'Thamnolaea cinnmomeiventris',23,179),
	(932,'Pelecans onocratalus',2,135),
	(933,'Sylvicapra grimma',24,248),
	(934,'Mabuya spilogaster',29,147),
	(935,'Zonotrichia capensis',16,186),
	(936,'Nyctereutes procyonoides',32,168),
	(937,'Canis lupus lycaon',50,224),
	(938,'Felis wiedi or Leopardus weidi',37,187),
	(939,'Nyctanassa violacea',30,256),
	(940,'Anas bahamensis',51,139),
	(941,'Phalacrocorax brasilianus',44,240),
	(942,'Varanus sp.',31,176),
	(943,'Panthera pardus',35,158),
	(944,'Eudyptula minor',48,243),
	(945,'Mephitis mephitis',42,226),
	(946,'Tiliqua scincoides',40,133),
	(947,'Bubulcus ibis',43,174),
	(948,'Corvus brachyrhynchos',50,203),
	(949,'Actophilornis africanus',4,171),
	(950,'Madoqua kirkii',24,175),
	(951,'Boa constrictor mexicana',18,248),
	(952,'Mustela nigripes',18,205),
	(953,'Macropus rufogriseus',51,182),
	(954,'Nyctereutes procyonoides',6,241),
	(955,'Colaptes campestroides',50,129),
	(956,'Damaliscus dorcas',42,125),
	(957,'Coluber constrictor foxii',21,227),
	(958,'Ictonyx striatus',14,219),
	(959,'Cervus canadensis',46,231),
	(960,'Cochlearius cochlearius',21,243),
	(961,'Ciconia ciconia',17,144),
	(962,'Hyaena brunnea',47,147),
	(963,'Cervus elaphus',50,193),
	(964,'Zalophus californicus',6,136),
	(965,'unavailable',12,196),
	(966,'Chlidonias leucopterus',32,157),
	(967,'Spizaetus coronatus',27,202),
	(968,'Amphibolurus barbatus',39,129),
	(969,'Varanus sp.',41,120),
	(970,'Cacatua tenuirostris',40,258),
	(971,'Terathopius ecaudatus',41,130),
	(972,'Sagittarius serpentarius',23,183),
	(973,'Macropus giganteus',8,211),
	(974,'Chionis alba',45,203),
	(975,'Ursus americanus',50,211),
	(976,'Sciurus niger',22,130),
	(977,'Nyctereutes procyonoides',13,148),
	(978,'Motacilla aguimp',36,179),
	(979,'Leprocaulinus vipera',13,234),
	(980,'Macropus giganteus',35,243),
	(981,'Limnocorax flavirostra',7,215),
	(982,'Cebus albifrons',1,232),
	(983,'Anthropoides paradisea',40,256),
	(984,'Macropus rufogriseus',15,132),
	(985,'Lycaon pictus',50,155),
	(986,'Columba livia',28,203),
	(987,'Ramphastos tucanus',18,209),
	(988,'Macropus robustus',6,178),
	(989,'Tadorna tadorna',38,200),
	(990,'Varanus sp.',35,229),
	(991,'Cordylus giganteus',8,139),
	(992,'Plocepasser mahali',1,135),
	(993,'Ramphastos tucanus',41,180),
	(994,'Bubalus arnee',30,225),
	(995,'Cordylus giganteus',6,206),
	(996,'Vombatus ursinus',33,179),
	(997,'Herpestes javanicus',40,219),
	(998,'Gyps bengalensis',19,222),
	(999,'Uraeginthus angolensis',26,174),
	(1000,'Panthera leo persica',10,243);

/*!40000 ALTER TABLE `tracks` ENABLE KEYS */;
UNLOCK TABLES;


# Dump of table users
# ------------------------------------------------------------

DROP TABLE IF EXISTS `users`;

CREATE TABLE `users` (
  `id` int unsigned NOT NULL AUTO_INCREMENT,
  `firstname` varchar(255) DEFAULT NULL,
  `lastname` varchar(255) DEFAULT NULL,
  `email` varchar(255) DEFAULT NULL,
  `password` varchar(255) DEFAULT NULL,
  PRIMARY KEY (`id`)
) ENGINE=InnoDB DEFAULT CHARSET=utf8mb4 COLLATE=utf8mb4_0900_ai_ci;

LOCK TABLES `users` WRITE;
/*!40000 ALTER TABLE `users` DISABLE KEYS */;

INSERT INTO `users` (`id`, `firstname`, `lastname`, `email`, `password`)
VALUES
	(1,'Dieter','De Weirdt','dieter.deweirdt@arteveldehs.be','secret'),
	(2,'Frederick','Roegiers','frederick.roegiers@arteveldehs.be','rogerthat');

/*!40000 ALTER TABLE `users` ENABLE KEYS */;
UNLOCK TABLES;



/*!40111 SET SQL_NOTES=@OLD_SQL_NOTES */;
/*!40101 SET SQL_MODE=@OLD_SQL_MODE */;
/*!40014 SET FOREIGN_KEY_CHECKS=@OLD_FOREIGN_KEY_CHECKS */;
/*!40101 SET CHARACTER_SET_CLIENT=@OLD_CHARACTER_SET_CLIENT */;
/*!40101 SET CHARACTER_SET_RESULTS=@OLD_CHARACTER_SET_RESULTS */;
/*!40101 SET COLLATION_CONNECTION=@OLD_COLLATION_CONNECTION */;
